{
  "Summary of 彰化與全台婚姻對比": {
    "Numerical Statistics": {
      "縣市別": {
        "全台": {
          "人數占個別地區總人口數比": {
            "Mean": 0.0093,
            "Median": 0.0042,
            "SD": 0.0112,
            "Max": 0.0356,
            "Min": 2.81e-06,
            "Range": "[2.81e-06, 0.035572892]"
          },
          "113年人數": {
            "Mean": 177863.537,
            "Median": 81439,
            "SD": 215242.3092,
            "Max": 683329,
            "Min": 54,
            "Range": "[54, 683329]"
          }
        },
        "彰化縣": {
          "人數占個別地區總人口數比": {
            "Mean": 0.0093,
            "Median": 0.0035,
            "SD": 0.0118,
            "Max": 0.0373,
            "Min": 1e-06,
            "Range": "[1e-06, 0.037301351]"
          },
          "113年人數": {
            "Mean": 9236.5833,
            "Median": 3538,
            "SD": 11740.658,
            "Max": 37210,
            "Min": 1,
            "Range": "[1, 37210]"
          }
        }
      },
      "年齡別": {
        "100歲以上": {
          "人數占個別地區總人口數比": {
            "Mean": 8e-06,
            "Median": 5e-06,
            "SD": 0,
            "Max": 0,
            "Min": 1e-06,
            "Range": "[1e-06, 4.11e-05]"
          },
          "113年人數": {
            "Mean": 123,
            "Median": 31.5,
            "SD": 226.0563,
            "Max": 790,
            "Min": 1,
            "Range": "[1, 790]"
          }
        },
        "15-19歲": {
          "人數占個別地區總人口數比": {
            "Mean": 0.009,
            "Median": 0,
            "SD": 0.0133,
            "Max": 0.0293,
            "Min": 3.59e-06,
            "Range": "[3.59e-06, 0.029265672]"
          },
          "113年人數": {
            "Mean": 89191.25,
            "Median": 358,
            "SD": 195347.722,
            "Max": 528406,
            "Min": 4,
            "Range": "[4, 528406]"
          }
        },
        "20-24歲": {
          "人數占個別地區總人口數比": {
            "Mean": 0.0115,
            "Median": 0.0011,
            "SD": 0.0161,
            "Max": 0.0371,
            "Min": 0.0002,
            "Range": "[0.000158986, 0.037110885]"
          },
          "113年人數": {
            "Mean": 110235.3333,
            "Median": 9128.5,
            "SD": 230951.1385,
            "Max": 636153,
            "Min": 178,
            "Range": "[178, 636153]"
          }
        },
        "25-29歲": {
          "人數占個別地區總人口數比": {
            "Mean": 0.0135,
            "Median": 0.006,
            "SD": 0.015,
            "Max": 0.0373,
            "Min": 0.0008,
            "Range": "[0.000764475, 0.037301351]"
          },
          "113年人數": {
            "Mean": 132773.0833,
            "Median": 25951,
            "SD": 237257.4775,
            "Max": 683329,
            "Min": 777,
            "Range": "[777, 683329]"
          }
        },
        "30-34歲": {
          "人數占個別地區總人口數比": {
            "Mean": 0.014,
            "Median": 0.015,
            "SD": 0.0103,
            "Max": 0.029,
            "Min": 0.0017,
            "Range": "[0.001704334, 0.02902809]"
          },
          "113年人數": {
            "Mean": 140847.6667,
            "Median": 30848,
            "SD": 192683.6772,
            "Max": 554334,
            "Min": 1765,
            "Range": "[1765, 554334]"
          }
        },
        "35-39歲": {
          "人數占個別地區總人口數比": {
            "Mean": 0.0139,
            "Median": 0.0168,
            "SD": 0.0086,
            "Max": 0.0235,
            "Min": 0.0026,
            "Range": "[0.002649503, 0.023502558]"
          },
          "113年人數": {
            "Mean": 139412.3333,
            "Median": 37170,
            "SD": 173976.8962,
            "Max": 443466,
            "Min": 2772,
            "Range": "[2772, 443466]"
          }
        },
        "40-44歲": {
          "人數占個別地區總人口數比": {
            "Mean": 0.0168,
            "Median": 0.015,
            "SD": 0.0108,
            "Max": 0.0323,
            "Min": 0.0049,
            "Range": "[0.004875825, 0.032251682]"
          },
          "113年人數": {
            "Mean": 170300.0833,
            "Median": 62646,
            "SD": 216937.3454,
            "Max": 619531,
            "Min": 5046,
            "Range": "[5046, 619531]"
          }
        },
        "45-49歲": {
          "人數占個別地區總人口數比": {
            "Mean": 0.0165,
            "Median": 0.0115,
            "SD": 0.0112,
            "Max": 0.0328,
            "Min": 0.0061,
            "Range": "[0.006140037, 0.032821979]"
          },
          "113年人數": {
            "Mean": 168823.5,
            "Median": 79333,
            "SD": 220022.2526,
            "Max": 630486,
            "Min": 6125,
            "Range": "[6125, 630486]"
          }
        },
        "50-54歲": {
          "人數占個別地區總人口數比": {
            "Mean": 0.0143,
            "Median": 0.0076,
            "SD": 0.011,
            "Max": 0.0297,
            "Min": 0.0051,
            "Range": "[0.005112521, 0.029722791]"
          },
          "113年人數": {
            "Mean": 148868.5,
            "Median": 83266.5,
            "SD": 201463.4362,
            "Max": 568131,
            "Min": 5100,
            "Range": "[5100, 568131]"
          }
        },
        "55-59歲": {
          "人數占個別地區總人口數比": {
            "Mean": 0.0144,
            "Median": 0.007,
            "SD": 0.0125,
            "Max": 0.0333,
            "Min": 0.0039,
            "Range": "[0.003852435, 0.033263462]"
          },
          "113年人數": {
            "Mean": 148284.9167,
            "Median": 72553,
            "SD": 212690.9147,
            "Max": 589663,
            "Min": 3843,
            "Range": "[3843, 589663]"
          }
        },
        "60-64歲": {
          "人數占個別地區總人口數比": {
            "Mean": 0.0141,
            "Median": 0.0061,
            "SD": 0.0139,
            "Max": 0.0363,
            "Min": 0.0025,
            "Range": "[0.002497115, 0.036349019]"
          },
          "113年人數": {
            "Mean": 143508.1667,
            "Median": 57525.5,
            "SD": 220595.6577,
            "Max": 619063,
            "Min": 2491,
            "Range": "[2491, 619063]"
          }
        },
        "65-69歲": {
          "人數占個別地區總人口數比": {
            "Mean": 0.0118,
            "Median": 0.0044,
            "SD": 0.0127,
            "Max": 0.0324,
            "Min": 0.0015,
            "Range": "[0.001492656, 0.032354236]"
          },
          "113年人數": {
            "Mean": 121647.5,
            "Median": 39227.5,
            "SD": 199797.047,
            "Max": 571009,
            "Min": 1489,
            "Range": "[1489, 571009]"
          }
        },
        "70-74歲": {
          "人數占個別地區總人口數比": {
            "Mean": 0.0087,
            "Median": 0.0027,
            "SD": 0.0101,
            "Max": 0.0256,
            "Min": 0.0009,
            "Range": "[0.00090221, 0.025560598]"
          },
          "113年人數": {
            "Mean": 89826,
            "Median": 24282.5,
            "SD": 156338.9327,
            "Max": 464219,
            "Min": 900,
            "Range": "[900, 464219]"
          }
        },
        "75-79歲": {
          "人數占個別地區總人口數比": {
            "Mean": 0.0043,
            "Median": 0.001,
            "SD": 0.0054,
            "Max": 0.0139,
            "Min": 0.0003,
            "Range": "[0.000335822, 0.01387097]"
          },
          "113年人數": {
            "Mean": 42900.9167,
            "Median": 11746.5,
            "SD": 79348.9971,
            "Max": 247720,
            "Min": 335,
            "Range": "[335, 247720]"
          }
        },
        "80-84歲": {
          "人數占個別地區總人口數比": {
            "Mean": 0.0025,