{
  "Summary of old彰化與全台婚姻對比": {
    "Numerical Statistics": {
      "人數占個別地區總人口數比": {
        "Mean": 0.0093,
        "Median": 0.004,
        "SD": 0.0115,
        "Max": 0.0373014,
        "Min": 0.000001,
        "Range": "[0.000001, 0.0373014]"
      },
      "113年人數": {
        "Mean": 93550.06,
        "Median": 11131.50,
        "SD": 173975.0,
        "Max": 683329,
        "Min": 1,
        "Range": "[1, 683329]"
      }
    },
    "Summary of Factors": {
      "縣市別": {
        "Class": "Factor",
        "Frequency Table": {
          "全台": 108,
          "彰化縣": 108
        }
      },
      "年齡別": {
        "Class": "Factor",
        "Frequency Table": {
          "100歲以上": 12,
          "15-19歲": 12,
          "20-24歲": 12,
          "25-29歲": 12,
          "30-34歲": 12,
          "35-39歲": 12,
          "40-44歲": 12,
          "45-49歲": 12,
          "50-54歲": 12,
          "55-59歲": 12,
          "60-64歲": 12,
          "65-69歲": 12,
          "70-74歲": 12,
          "75-79歲": 12,
          "80-84歲": 12,
          "85-89歲": 12,
          "90-94歲": 12,
          "95-99歲": 12
        }
      },
      "婚姻狀況別": {
        "Class": "Factor",
        "Frequency Table": {
          "未婚": 72,
          "有偶": 72,
          "離婚": 72
        }
      },
      "性別": {
        "Class": "Factor",
        "Frequency Table": {
          "女": 108,
          "男": 108
        }
      }
    }
  }
}
