{
  "Summary of 彰化與全台婚姻對比": {
    "Numerical Statistics": {
      "縣市別": {
        "全台": {
          "人數占個別地區總人口數比": {
            "Mean": 0.0104,
            "Median": 0.0058,
            "SD": 0.0125,
            "Max": 0.0356,
            "Min": 0.000003,
            "Range": "[0.000003, 0.0356]"
          },
          "113年人數": {
            "Mean": 164967.4,
            "Median": 77343.5,
            "SD": 215258.7,
            "Max": 683329,
            "Min": 54,
            "Range": "[54, 683329]"
          }
        },
        "彰化縣": {
          "人數占個別地區總人口數比": {
            "Mean": 0.0082,
            "Median": 0.0028,
            "SD": 0.0103,
            "Max": 0.0373,
            "Min": 0.000004,
            "Range": "[0.000004, 0.0373]"
          },
          "113年人數": {
            "Mean": 8132.7,
            "Median": 2793.0,
            "SD": 11922.8,
            "Max": 37210,
            "Min": 4,
            "Range": "[4, 37210]"
          }
        }
      },
      "年齡別": {
        "15-19歲": {
          "人數占個別地區總人口數比": {
            "Mean": 0.0132,
            "Median": 0.0263,
            "SD": 0.0149,
            "Max": 0.0293,
            "Min": 0.000004,
            "Range": "[0.000004, 0.0293]"
          },
          "113年人數": {
            "Mean": 100024.6,
            "Median": 27701.5,
            "SD": 185955.7,
            "Max": 528406,
            "Min": 4,
            "Range": "[4, 528406]"
          }
        },
        "20-24歲": {
          "人數占個別地區總人口數比": {
            "Mean": 0.0163,
            "Median": 0.0166,
            "SD": 0.0170,
            "Max": 0.0371,
            "Min": 0.000178,
            "Range": "[0.178, 0.0371]"
          },
          "113年人數": {
            "Mean": 118902.8,
            "Median": 34135.5,
            "SD": 216628.8,
            "Max": 636153,
            "Min": 178,
            "Range": "[178, 636153]"
          }
        },
        "25-29歲": {
          "人數占個別地區總人口數比": {
            "Mean": 0.0137,
            "Median": 0.0054,
            "SD": 0.0149,
            "Max": 0.0373,
            "Min": 0.000779,
            "Range": "[0.000779, 0.0373]"
          },
          "113年人數": {
            "Mean": 132833.1,
            "Median": 33983.0,
            "SD": 232841.2,
            "Max": 683329,
            "Min": 777,
            "Range": "[777, 683329]"
          }
        },
        "30-34歲": {
          "人數占個別地區總人口數比": {
            "Mean": 0.0136,
            "Median": 0.0093,
            "SD": 0.0114,
            "Max": 0.0290,
            "Min": 0.001765,
            "Range": "[0.001765, 0.0290]"
          },
          "113年人數": {
            "Mean": 107498.1,
            "Median": 24703.5,
            "SD": 179205.9,
            "Max": 554334,
            "Min": 1765,
            "Range": "[1765, 554334]"
          }
        },
        "35-39歲": {
          "人數占個別地區總人口數比": {
            "Mean": 0.0136,
            "Median": 0.0166,
            "SD": 0.0097,
            "Max": 0.0235,
            "Min": 0.002779,
            "Range": "[0.002779, 0.0235]"
          },
          "113年人數": {
            "Mean": 104328.2,
            "Median": 22756.5,
            "SD": 159257.0,
            "Max": 443466,
            "Min": 2772,
            "Range": "[2772, 443466]"
          }
        },
        "40-44歲": {
          "人數占個別地區總人口數比": {
            "Mean": 0.0169,
            "Median": 0.0172,
            "SD": 0.0119,
            "Max": 0.0323,
            "Min": 0.005058,
            "Range": "[0.005058, 0.0323]"
          },
          "113年人數": {
            "Mean": 149133.4,
            "Median": 29715.0,
            "SD": 217333.4,
            "Max": 619531,
            "Min": 5046,
            "Range": "[5046, 619531]"
          }
        },
        "45-49歲": {
          "人數占個別地區總人口數比": {
            "Mean": 0.0154,
            "Median": 0.0097,
            "SD": 0.0119,
            "Max": 0.0328,
            "Min": 0.006125,
            "Range": "[0.006125, 0.0328]"
          },
          "113年人數": {
            "Mean": 149160.3,
            "Median": 21524.0,
            "SD": 218095.6,
            "Max": 630486,
            "Min": 6125,
            "Range": "[6125, 630486]"
          }
        },
        "50-54歲": {
          "人數占個別地區總人口數比": {
            "Mean": 0.0137,
            "Median": 0.0075,
            "SD": 0.0117,
            "Max": 0.0297,
            "Min": 0.005101,
            "Range": "[0.005101, 0.0297]"
          },
          "113年人數": {
            "Mean": 116863.5,
            "Median": 17607.5,
            "SD": 183019.9,
            "Max": 568131,
            "Min": 5100,
            "Range": "[5100, 568131]"
          }
        },
        "55-59歲": {
          "人數占個別地區總人口數比": {
            "Mean": 0.0137,
            "Median": 0.0067,
            "SD": 0.0125,
            "Max": 0.0333,
            "Min": 0.003843,
            "Range": "[0.003843, 0.0333]"
          },
          "113年人數": {
            "Mean": 123283.3,
            "Median": 17597.0,
            "SD": 194222.1,
            "Max": 589663,
            "Min": 3809,
            "Range": "[3809, 589663]"
          }
        },
        "60-64歲": {
          "人數占個別地區總人口數比": {
            "Mean": 0.0137,
            "Median": 0.0059,
            "SD": 0.0137,
            "Max": 0.0363,
            "Min": 0.002497,
            "Range": "[0.002497, 0.0363]"
          },
          "113年人數": {
            "Mean": 126801.8,
            "Median": 19148.5,
            "SD": 198863.4,
            "Max": 619063,
            "Min": 2491,
            "Range": "[2491, 619063]"
          }
        },
        "65-69歲": {
          "人數占個別地區總人口數比": {
            "Mean": 0.0112,
            "Median": 0.0039,
            "SD": 0.0119,
            "SD": 0.0115,
            "Max": 0.0324,
            "Min": 0.001493,
            "Range": "[0.001493, 0.0324]"
          },
          "113年人數": {
            "Mean": 103998.8,
            "Median": 13237.0,
            "SD": 179300.9,
            "Max": 571009,
            "Min": 1489,
            "Range": "[1489, 571009]"
          }
        },
        "70-74歲": {
          "人數占個別地區總人口數比": {
            "Mean": 0.0083,
            "Median": 0.0020,
            "SD": 0.0096,
            "Max": 0.0256,
            "Min": 0.000902,
            "Range": "[0.000902, 0.0256]"
          },
          "113年人數": {
            "Mean": 80657.7,
            "Median": 1827.5,
            "SD": 146054.7,
            "Max": 464219,
            "Min": 900,
            "Range": "[900, 464219]"
          }
        },
        "75-79歲": {
          "人數占個別地區總人口數比": {
            "Mean": 0.0045,
            "Median": 0.0007,
            "SD": 0.0055,
            "Max": 0.0139,
            "Min": 0.000336,
            "Range": "[0.000336, 0.0139]"
          },
          "113年人數": {
            "Mean": 43425.5,
            "Median": 665.5,
            "SD": 79997.9,
            "Max": 247720,
            "Min": 335,
            "Range": "[335, 247720]"
          }
        },
        "80-84歲": {
          "人數占個別地區總人口數比": {
            "Mean": 0.0027,
            "Median": 0.0003,
            "SD": 0.0034,
            "Max": 0.0091,
            "Min": 0.000189,
            "Range": "[0.000189, 0.0091]"
          },
          "113年人數": {
            "Mean": 26299.5,
            "Median": 281.5,
            "SD": 49640.9,
            "Max": 149849,
            "Min": 189,
            "Range": "[189, 149849]"
          }
        },
        "85-89歲": {
          "人數占個別地區總人口數比": {
            "Mean": 0.0012,
            "Median": 0.0001,
            "SD": 0.0016,
            "Max": 0.0044,
            "Min": 0.000081,
            "Range": "[0.000081, 0.0044]"
          },
          "113年人數": {
            "Mean": 11834.5,
            "Median": 101.5,
            "SD": 22781.3,
            "Max": 67006,
            "Min": 81,
            "Range": "[81, 67006]"
          }
        },